<?xml version="1.0" encoding="utf-8"?>
<odoo noupdate="1">
        <record id="ir_cron_request_check_deadlines" model="ir.cron">
            <field name="name">Generic Request: Check Deadlines</field>
            <field name="state">code</field>
            <field name="interval_number">1</field>
            <field name="interval_type">days</field>
            <field name="numbercall">-1</field>
            <field name="doall" eval="False"/>
            <field name="model_id" ref="generic_request.model_request_request"/>
            <field name="code">model._scheduler_check_deadlines()</field>
            <field name="active" eval="True"/>
        </record>
</odoo>
