<?xml version="1.0" encoding="UTF-8"?>
<odoo>
    <record id="request_event_type_stage_changed" model="generic.system.event.type">
        <field name="name">Stage changed</field>
        <field name="code">stage-changed</field>
        <field name="event_category_id" ref="system_event_category_request_events"/>
        <field name="event_source_id" ref="system_event_source__request_request"/>
    </record>
    <record id="request_event_type_category_changed" model="generic.system.event.type">
        <field name="name">Category changed</field>
        <field name="code">category-changed</field>
        <field name="event_category_id" ref="system_event_category_request_events"/>
        <field name="event_source_id" ref="system_event_source__request_request"/>
    </record>
    <record id="request_event_type_assigned" model="generic.system.event.type">
        <field name="name">Assigned</field>
        <field name="code">assigned</field>
        <field name="event_category_id" ref="system_event_category_request_events"/>
        <field name="event_source_id" ref="system_event_source__request_request"/>
    </record>
    <record id="request_event_type_reassigned" model="generic.system.event.type">
        <field name="name">Reassigned</field>
        <field name="code">reassigned</field>
        <field name="event_category_id" ref="system_event_category_request_events"/>
        <field name="event_source_id" ref="system_event_source__request_request"/>
    </record>
    <record id="request_event_type_unassigned" model="generic.system.event.type">
        <field name="name">Unassigned</field>
        <field name="code">unassigned</field>
        <field name="event_category_id" ref="system_event_category_request_events"/>
        <field name="event_source_id" ref="system_event_source__request_request"/>
    </record>
    <record id="request_event_type_closed" model="generic.system.event.type">
        <field name="name">Closed</field>
        <field name="code">closed</field>
        <field name="event_category_id" ref="system_event_category_request_events"/>
        <field name="event_source_id" ref="system_event_source__request_request"/>
    </record>
    <record id="request_event_type_reopened" model="generic.system.event.type">
        <field name="name">Reopened</field>
        <field name="code">reopened</field>
        <field name="event_category_id" ref="system_event_category_request_events"/>
        <field name="event_source_id" ref="system_event_source__request_request"/>
    </record>
    <record id="request_event_type_changed" model="generic.system.event.type">
        <field name="name">Description changed</field>
        <field name="code">changed</field>
        <field name="event_category_id" ref="system_event_category_request_events"/>
        <field name="event_source_id" ref="system_event_source__request_request"/>
    </record>
    <record id="request_event_type_priority_changed" model="generic.system.event.type">
        <field name="name">Priority Changed</field>
        <field name="code">priority-changed</field>
        <field name="event_category_id" ref="system_event_category_request_events"/>
        <field name="event_source_id" ref="system_event_source__request_request"/>
    </record>
    <record id="request_event_type_impact_changed" model="generic.system.event.type">
        <field name="name">Impact Changed</field>
        <field name="code">impact-changed</field>
        <field name="event_category_id" ref="system_event_category_request_events"/>
        <field name="event_source_id" ref="system_event_source__request_request"/>
    </record>
    <record id="request_event_type_urgency_changed" model="generic.system.event.type">
        <field name="name">Urgency Changed</field>
        <field name="code">urgency-changed</field>
        <field name="event_category_id" ref="system_event_category_request_events"/>
        <field name="event_source_id" ref="system_event_source__request_request"/>
    </record>
    <record id="request_event_type_deadline_changed" model="generic.system.event.type">
        <field name="name">Deadline Changed</field>
        <field name="code">deadline-changed</field>
        <field name="event_category_id" ref="system_event_category_request_events"/>
        <field name="event_source_id" ref="system_event_source__request_request"/>
    </record>
    <record id="request_event_type_deadline_tomorrow" model="generic.system.event.type">
        <field name="name">Deadline Tomorrow</field>
        <field name="code">deadline-tomorrow</field>
        <field name="event_category_id" ref="system_event_category_request_events"/>
        <field name="event_source_id" ref="system_event_source__request_request"/>
    </record>
    <record id="request_event_type_deadline_today" model="generic.system.event.type">
        <field name="name">Deadline Today</field>
        <field name="code">deadline-today</field>
        <field name="event_category_id" ref="system_event_category_request_events"/>
        <field name="event_source_id" ref="system_event_source__request_request"/>
    </record>
    <record id="request_event_type_deadline_overdue" model="generic.system.event.type">
        <field name="name">Deadline Overdue</field>
        <field name="code">deadline-overdue</field>
        <field name="event_category_id" ref="system_event_category_request_events"/>
        <field name="event_source_id" ref="system_event_source__request_request"/>
    </record>
    <record id="request_event_type_kanban_state_changed" model="generic.system.event.type">
        <field name="name">Kanban State Changed</field>
        <field name="code">kanban-state-changed</field>
        <field name="event_category_id" ref="system_event_category_request_events"/>
        <field name="event_source_id" ref="system_event_source__request_request"/>
    </record>
    <record id="request_event_type_timetracking_start_work" model="generic.system.event.type">
        <field name="name">Timetracking / Start Work</field>
        <field name="code">timetracking-start-work</field>
        <field name="event_category_id" ref="system_event_category_request_events"/>
        <field name="event_source_id" ref="system_event_source__request_request"/>
    </record>
    <record id="request_event_type_timetracking_stop_work" model="generic.system.event.type">
        <field name="name">Timetracking / Stop Work</field>
        <field name="code">timetracking-stop-work</field>
        <field name="event_category_id" ref="system_event_category_request_events"/>
        <field name="event_source_id" ref="system_event_source__request_request"/>
    </record>
    <record id="request_event_type_author_changed" model="generic.system.event.type">
        <field name="name">Author Changed</field>
        <field name="code">author-changed</field>
        <field name="event_category_id" ref="system_event_category_request_events"/>
        <field name="event_source_id" ref="system_event_source__request_request"/>
    </record>
    <record id="request_event_type_partner_changed" model="generic.system.event.type">
        <field name="name">Partner Changed</field>
        <field name="code">partner-changed</field>
        <field name="event_category_id" ref="system_event_category_request_events"/>
        <field name="event_source_id" ref="system_event_source__request_request"/>
    </record>
    <record id="request_event_type_request_archived" model="generic.system.event.type">
        <field name="name">Request Archived</field>
        <field name="code">request-archived</field>
        <field name="event_category_id" ref="system_event_category_request_events"/>
        <field name="event_source_id" ref="system_event_source__request_request"/>
    </record>
    <record id="request_event_type_request_unarchived" model="generic.system.event.type">
        <field name="name">Request Unarchived</field>
        <field name="code">request-unarchived</field>
        <field name="event_category_id" ref="system_event_category_request_events"/>
        <field name="event_source_id" ref="system_event_source__request_request"/>
    </record>
    <record id="request_event_type_subrequest_stage_changed" model="generic.system.event.type">
        <field name="name">Subrequest stage changed</field>
        <field name="code">subrequest-stage-changed</field>
        <field name="event_category_id" ref="system_event_category_request_sub_request_events"/>
        <field name="event_source_id" ref="system_event_source__request_request"/>
    </record>
    <record id="request_event_type_subrequest_closed" model="generic.system.event.type">
        <field name="name">Subrequest closed</field>
        <field name="code">subrequest-closed</field>
        <field name="event_category_id" ref="system_event_category_request_sub_request_events"/>
        <field name="event_source_id" ref="system_event_source__request_request"/>
    </record>
    <record id="request_event_type_task_all_tasks_closed" model="generic.system.event.type">
        <field name="name">All subrequests closed</field>
        <field name="code">subrequest-all-subrequests-closed</field>
        <field name="event_category_id" ref="system_event_category_request_sub_request_events"/>
        <field name="event_source_id" ref="system_event_source__request_request"/>
    </record>

    <record id="request_event_type_parent_request_stage_changed" model="generic.system.event.type">
        <field name="name">Parent request stage changed</field>
        <field name="code">parent-request-stage-changed</field>
        <field name="event_category_id" ref="system_event_category_request_parent_request_events"/>
        <field name="event_source_id" ref="system_event_source__request_request"/>
    </record>
    <record id="request_event_type_parent_request_closed" model="generic.system.event.type">
        <field name="name">Parent request closed</field>
        <field name="code">parent-request-closed</field>
        <field name="event_category_id" ref="system_event_category_request_parent_request_events"/>
        <field name="event_source_id" ref="system_event_source__request_request"/>
    </record>

    <record id="request_event_type_parent_request_changed" model="generic.system.event.type">
        <field name="name">Parent request changed</field>
        <field name="code">parent-request-changed</field>
        <field name="event_category_id" ref="system_event_category_request_parent_request_events"/>
        <field name="event_source_id" ref="system_event_source__request_request"/>
    </record>
    <record id="request_event_type_service_changed" model="generic.system.event.type">
        <field name="name">Service changed</field>
        <field name="code">service-changed</field>
        <field name="event_category_id" ref="generic_request.system_event_category_request_events"/>
        <field name="event_source_id" ref="generic_request.system_event_source__request_request"/>
    </record>
    <record id="request_event_type_service_level_changed" model="generic.system.event.type">
        <field name="name">Service level changed</field>
        <field name="code">service-level-changed</field>
        <field name="event_category_id" ref="generic_request.system_event_category_request_events"/>
        <field name="event_source_id" ref="generic_request.system_event_source__request_request"/>
    </record>
</odoo>
