id,name,model_id:id,group_id:id,perm_read,perm_write,perm_create,perm_unlink
access_generic_system_event_user,access_generic_system_event_user,model_generic_system_event,base.group_user,1,0,0,0
access_generic_system_event_category_user,access_generic_system_event_category_user,model_generic_system_event_category,base.group_user,1,0,0,0
access_generic_system_event_source_user,access_generic_system_event_source_user,model_generic_system_event_source,base.group_user,1,0,0,0
access_generic_system_event_type_user,access_generic_system_event_type_user,model_generic_system_event_type,base.group_user,1,0,0,0

access_generic_system_event_source_administrator,access_generic_system_event_source_user,model_generic_system_event_source,base.group_system,1,1,0,0
access_generic_system_event_source_handler_map,access_generic_system_event_source_handler_map,model_generic_system_event_source_handler_map,base.group_system,1,0,0,0
