<template>
    <t t-name="DiagramPlusView.buttons">
        <div t-if="widget.is_action_enabled('create')">
            <button type="button" class="btn btn-primary o_diagram_plus_new_button">
                New Node
            </button>
            <t t-if="!auto_layout">
                <button type="button" class="btn btn-primary o_diagram_plus_auto_layout">
                    Auto Layout
                </button>
            </t>
        </div>
    </t>

    <t t-name="DiagramPlusView">
        <div class="o_diagram_plus_header"/>
        <div class="o_diagram_plus"/>
    </t>
</template>
